{"TOTAL_MARKET_CAP": [{"timestamp": 1781805707.309037, "value": 100.0}, {"timestamp": 1781809307.309064, "value": 110.0}], "BTC_DOMINANCE": [{"timestamp": 1781805707.309037, "value": 52.0}, {"timestamp": 1781809307.309066, "value": 51.0}], "STABLECOIN_DOMINANCE": [{"timestamp": 1781805707.309037, "value": 7.0}, {"timestamp": 1781809307.309067, "value": 6.5}]}