{"TOTAL_MARKET_CAP": [{"timestamp": 1781985226.849521, "value": 100.0}, {"timestamp": 1781988826.8495529, "value": 110.0}], "BTC_DOMINANCE": [{"timestamp": 1781985226.849521, "value": 52.0}, {"timestamp": 1781988826.849555, "value": 51.0}], "STABLECOIN_DOMINANCE": [{"timestamp": 1781985226.849521, "value": 7.0}, {"timestamp": 1781988826.849556, "value": 6.5}]}