{"TOTAL_MARKET_CAP": [{"timestamp": 1781805218.079936, "value": 100.0}, {"timestamp": 1781808818.079963, "value": 110.0}], "BTC_DOMINANCE": [{"timestamp": 1781805218.079936, "value": 52.0}, {"timestamp": 1781808818.079964, "value": 51.0}], "STABLECOIN_DOMINANCE": [{"timestamp": 1781805218.079936, "value": 7.0}, {"timestamp": 1781808818.0799649, "value": 6.5}]}