{"TOTAL_MARKET_CAP": [{"timestamp": 1781549214.061347, "value": 100.0}, {"timestamp": 1781552814.0613692, "value": 110.0}], "BTC_DOMINANCE": [{"timestamp": 1781549214.061347, "value": 52.0}, {"timestamp": 1781552814.0613708, "value": 51.0}], "STABLECOIN_DOMINANCE": [{"timestamp": 1781549214.061347, "value": 7.0}, {"timestamp": 1781552814.0613718, "value": 6.5}]}