{"TOTAL_MARKET_CAP": [{"timestamp": 1781806759.969891, "value": 100.0}, {"timestamp": 1781810359.969928, "value": 110.0}], "BTC_DOMINANCE": [{"timestamp": 1781806759.969891, "value": 52.0}, {"timestamp": 1781810359.969929, "value": 51.0}], "STABLECOIN_DOMINANCE": [{"timestamp": 1781806759.969891, "value": 7.0}, {"timestamp": 1781810359.96993, "value": 6.5}]}