{"TOTAL_MARKET_CAP": [{"timestamp": 1781721049.5921648, "value": 100.0}, {"timestamp": 1781724649.5921886, "value": 110.0}], "BTC_DOMINANCE": [{"timestamp": 1781721049.5921648, "value": 52.0}, {"timestamp": 1781724649.59219, "value": 51.0}], "STABLECOIN_DOMINANCE": [{"timestamp": 1781721049.5921648, "value": 7.0}, {"timestamp": 1781724649.592191, "value": 6.5}]}