{"TOTAL_MARKET_CAP": [{"timestamp": 1781410476.7360718, "value": 100.0}, {"timestamp": 1781414076.7360902, "value": 110.0}], "BTC_DOMINANCE": [{"timestamp": 1781410476.7360718, "value": 52.0}, {"timestamp": 1781414076.7360919, "value": 51.0}], "STABLECOIN_DOMINANCE": [{"timestamp": 1781410476.7360718, "value": 7.0}, {"timestamp": 1781414076.736093, "value": 6.5}]}