{"TOTAL_MARKET_CAP": [{"timestamp": 1781735238.430159, "value": 100.0}, {"timestamp": 1781738838.430179, "value": 110.0}], "BTC_DOMINANCE": [{"timestamp": 1781735238.430159, "value": 52.0}, {"timestamp": 1781738838.430181, "value": 51.0}], "STABLECOIN_DOMINANCE": [{"timestamp": 1781735238.430159, "value": 7.0}, {"timestamp": 1781738838.430182, "value": 6.5}]}