{"TOTAL_MARKET_CAP": [{"timestamp": 1781672944.5966332, "value": 100.0}, {"timestamp": 1781676544.5966542, "value": 110.0}], "BTC_DOMINANCE": [{"timestamp": 1781672944.5966332, "value": 52.0}, {"timestamp": 1781676544.596656, "value": 51.0}], "STABLECOIN_DOMINANCE": [{"timestamp": 1781672944.5966332, "value": 7.0}, {"timestamp": 1781676544.5966568, "value": 6.5}]}