{"TOTAL_MARKET_CAP": [{"timestamp": 1781457910.023412, "value": 100.0}, {"timestamp": 1781461510.0234392, "value": 110.0}], "BTC_DOMINANCE": [{"timestamp": 1781457910.023412, "value": 52.0}, {"timestamp": 1781461510.0234408, "value": 51.0}], "STABLECOIN_DOMINANCE": [{"timestamp": 1781457910.023412, "value": 7.0}, {"timestamp": 1781461510.023442, "value": 6.5}]}