{"TOTAL_MARKET_CAP": [{"timestamp": 1781732655.835542, "value": 100.0}, {"timestamp": 1781736255.8355682, "value": 110.0}], "BTC_DOMINANCE": [{"timestamp": 1781732655.835542, "value": 52.0}, {"timestamp": 1781736255.835571, "value": 51.0}], "STABLECOIN_DOMINANCE": [{"timestamp": 1781732655.835542, "value": 7.0}, {"timestamp": 1781736255.835572, "value": 6.5}]}