{"LINK": [{"timestamp": 1780814121.389042, "value": 500000.0}, {"timestamp": 1780817721.38906, "value": 12000000.0}], "CAKE": [{"timestamp": 1780814121.389042, "value": 500000.0}, {"timestamp": 1780817721.389069, "value": 8000000.0}], "AAVE": [{"timestamp": 1780814121.389042, "value": 500000.0}, {"timestamp": 1780817721.389048, "value": 7000000.0}]}