{"LINK": [{"timestamp": 1780817721.389041, "value": 10.0}, {"timestamp": 1780817721.3890612, "value": 10.5}], "CAKE": [{"timestamp": 1780817721.389041, "value": 10.0}, {"timestamp": 1780817721.38907, "value": 10.5}], "AAVE": [{"timestamp": 1780817721.389041, "value": 10.0}, {"timestamp": 1780817721.38905, "value": 10.5}]}