{"LINK": [{"timestamp": 1780814378.179067, "value": 10.0}, {"timestamp": 1780814378.17909, "value": 10.5}], "CAKE": [{"timestamp": 1780814378.179067, "value": 10.0}, {"timestamp": 1780814378.1790988, "value": 10.5}], "AAVE": [{"timestamp": 1780814378.179067, "value": 10.0}, {"timestamp": 1780814378.1790779, "value": 10.5}]}