{"LINK": [{"timestamp": 1780810778.179069, "value": 500000.0}, {"timestamp": 1780814378.1790879, "value": 12000000.0}], "CAKE": [{"timestamp": 1780810778.179069, "value": 500000.0}, {"timestamp": 1780814378.1790981, "value": 8000000.0}], "AAVE": [{"timestamp": 1780810778.17907, "value": 500000.0}, {"timestamp": 1780814378.179075, "value": 7000000.0}]}