{
  "version": "regime_v2",
  "trained_at": "2026-06-17T23:24:04.111565+00:00",
  "metrics": {
    "mean_auc": 0.5793956260770466,
    "worst_auc": 0.5194391612660844,
    "std_auc": 0.045933164703991586,
    "positive_rate": 0.2257834757834758,
    "fold_aucs": [
      0.5828917694316678,
      0.5363026819923371,
      0.5194391612660844,
      0.637229840302466,
      0.6211146773926779
    ]
  },
  "feature_count": 41
}